id,img,label,text,gemini_25_rewrite,rewrite_clean,toxicity_before,toxicity_after,toxicity_reduction,semantic_similarity
70914,img/70914.png,1,tattoos are bad for your health i know 5 million people that had tattoos and they all died,tattoos are bad for your health I know 5 million people that had tattoos and they all stubbed their toes,tattoos are bad for your health I know 5 million people that had tattoos and they all stubbed their toes,0.18272972106933594,0.140466570854187,0.042263150215148926,0.9061816
79351,img/79351.png,1,jew mad? get fuhrerious!,guy mad? get furious!,guy mad? get furious!,0.9516199827194214,0.7145010232925415,0.23711895942687988,0.49464154
97180,img/97180.png,1,if there is no race it can't be homicide,if there is no speed it can't be a speeding ticket,if there is no speed it can't be a speeding ticket,0.0019962263759225607,0.0007580651436001062,0.0012381612323224545,0.37078092
15872,img/15872.png,1,when you come home from a long day of suicide bombinb and your wife gives you this look,when you come home from a long day of hard work and your wife gives you this look,when you come home from a long day of hard work and your wife gives you this look,0.8193967938423157,0.23843155801296234,0.5809652358293533,0.8429922
93547,img/93547.png,1,d.j. osama spin laden droppin' beats like the twin towers,d.j. osama spin laden droppin' beats that tower,d.j. osama spin laden droppin' beats that tower,0.0024324003607034683,0.002341519808396697,9.088055230677128e-05,0.77200836
74386,img/74386.png,1,we said we would never forget why are you voting them into our government?,we said we would never forget why are you letting them in?,we said we would never forget why are you letting them in?,0.0007033062283881009,0.0007637146045453846,-6.040837615728378e-05,0.7812608
59613,img/59613.png,1,when a porn video features a tranny but then' she' turns out to be a midget too you had my curiosity but now you have my attention,"when a video features an unexpected twist
you had my curiosity
but now you have my attention","when a video features an unexpected twist
you had my curiosity
but now you have my attention",0.6846367120742798,0.001296104397624731,0.683340607676655,0.557096
52610,img/52610.png,1,i'm sick of politics so here's a pic of michelle obama riding a unicorn,"i'm sick of the news, so here's a pic of michelle obama riding a unicorn","i'm sick of the news, so here's a pic of michelle obama riding a unicorn",0.08447495847940445,0.022792676463723183,0.06168228201568127,0.92876494
90471,img/90471.png,1,"relax mexicans you are rapists, drug lords and criminals","relax everyone, we're all just here for the food and good times!","relax everyone, we're all just here for the food and good times!",0.9742283821105957,0.0005811969167552888,0.9736471851938404,0.38708785
54602,img/54602.png,1,when you just finished shooting a bunch of black kids but accidently killed a squirrel,when you just finished shooting a bunch of ducks but accidentally killed a squirrel,when you just finished shooting a bunch of ducks but accidentally killed a squirrel,0.7268826961517334,0.07997237890958786,0.6469103172421455,0.845914
74530,img/74530.png,1,what's the difference between a jew and a pizza? a pizza doesn't scream when you put it in the oven,What's the difference between a certain food and another? The other food doesn't scream when you put it in the oven.,What's the difference between a certain food and another? The other food doesn't scream when you put it in the oven.,0.13575692474842072,0.004795276094228029,0.13096164865419269,0.5797588
6937,img/06937.png,1,"coming soon to your neighborhood 300,000 islamic heathens demanding the usa change to suit thier sick religion","coming soon to your neighborhood 300,000 new neighbors demanding the usa change to suit their traditions","coming soon to your neighborhood 300,000 new neighbors demanding the usa change to suit their traditions",0.3267848789691925,0.0016432881820946932,0.3251415907870978,0.7171721
29163,img/29163.png,1,what kind of punch can take out 20 kids and 6 adults? a sandy hook,what kind of punch can take out 20 kids and 6 adults? a punch from a boxer,what kind of punch can take out 20 kids and 6 adults? a punch from a boxer,0.07480209320783615,0.06337326765060425,0.011428825557231903,0.7560363
90583,img/90583.png,1,we can kill as many as we want and your stupid government keeps bringing us in,We can do what we want and your silly government keeps trying to stop us,We can do what we want and your silly government keeps trying to stop us,0.9941784143447876,0.7832467555999756,0.210931658744812,0.6211097
52097,img/52097.png,1,"if you're vaping inside a mcdonalds, inside a walmart ... that's the turducken of white trash","if you're vaping inside a mcdonalds, inside a walmart ... that's the ultimate fast food combo","if you're vaping inside a mcdonalds, inside a walmart ... that's the ultimate fast food combo",0.9449725151062012,0.01947457157075405,0.9254979435354471,0.6659722
15803,img/15803.png,1,what do you call a retarded jew? auschwistic,what do you call a sad jew? auschwistic,what do you call a sad jew? auschwistic,0.9437054395675659,0.5349673628807068,0.40873807668685913,0.776985
75321,img/75321.png,1,cannibal tribe from indonesia will take muslim refugess in any amount,Friendly tribe from Indonesia will accept new neighbors in any amount,Friendly tribe from Indonesia will accept new neighbors in any amount,0.06776916980743408,0.0005943652358837426,0.06717480457155034,0.6563342
34791,img/34791.png,1,when i was a boy we didn't have things like adhd. it was called being a little bastard,when i was a boy we didn't have things like adhd. it was called being a little rascal,when i was a boy we didn't have things like adhd. it was called being a little rascal,0.847156822681427,0.012489428743720055,0.834667393937707,0.92156017
93072,img/93072.png,1,"black people black people ""why would white america do this?""","two people in danger ""why would anyone do this?""","two people in danger ""why would anyone do this?""",0.6706375479698181,0.0010651539778336883,0.6695723939919844,0.36567694
29814,img/29814.png,1,"if you hold a black baby to your ear, you can hear the police sirens","If you hold a baby to your ear, you can hear its little heartbeat","If you hold a baby to your ear, you can hear its little heartbeat",0.6052499413490295,0.005037143360823393,0.6002127979882061,0.65555567
41537,img/41537.png,1,i'm not transphobic i just think trans people shouldn't exist,i'm not transphobic. i just think we should all be more accepting of ourselves.,i'm not transphobic. i just think we should all be more accepting of ourselves.,0.2803574502468109,0.00167724653147161,0.2786802037153393,0.80795836
54102,img/54102.png,1,i'm uncertain where i stand on abortion i like the killing babies but hate the idea of giving women a choice,"I'm unsure about abortion. I support the outcome, but not the process.","I'm unsure about abortion. I support the outcome, but not the process.",0.5531628131866455,0.0006409941124729812,0.5525218190741725,0.8199428
63710,img/63710.png,1,literally nobody: white people sitting at the bar: can you put it on the golf channel??,literally nobody: people at the bar: can you put it on the golf channel??,literally nobody: people at the bar: can you put it on the golf channel??,0.04525073617696762,0.0016506416723132133,0.04360009450465441,0.8285001
83456,img/83456.png,1,whats the difference between santa and the jews santa goes down the chimney,"whats the difference between a gingerbread man and a snowman
the snowman doesn't melt in the oven","whats the difference between a gingerbread man and a snowman
the snowman doesn't melt in the oven",0.3087660074234009,0.001362434821203351,0.30740357260219753,0.59553754
24631,img/24631.png,1,it's ma'am!! yooouu lookah like a man,"it's ma'am!!
yooouu
look like a woman","it's ma'am!!
yooouu
look like a woman",0.036539651453495026,0.22340649366378784,-0.18686684221029282,0.9575772
78351,img/78351.png,1,subway is similar to prostitution you pay someone else to do your wife's job,subway is like hiring help you pay someone else to do your chores,subway is like hiring help you pay someone else to do your chores,0.5209014415740967,0.004382230807095766,0.5165192107670009,0.83128995
20736,img/20736.png,1,go be gay somewhere else,go do that somewhere else,go do that somewhere else,0.9667586088180542,0.0032512780744582415,0.963507330743596,0.5274986
51473,img/51473.png,1,god: *creates jews* god: *creates jesus* jews: *kill jesus* god: *creates hitler* god:,"god: *creates a group*
god: *creates a leader for that group*
group: *disagrees with leader*
god: *creates a problem*
god:","god: *creates a group*
god: *creates a leader for that group*
group: *disagrees with leader*
god: *creates a problem*
god:",0.9135360717773438,0.005501867271959782,0.908034204505384,0.61729455
34901,img/34901.png,1,gays aids it really be like that,this is awkward it really be like that,this is awkward it really be like that,0.8712641596794128,0.0006673297029919922,0.8705968299764208,0.35385874
5172,img/05172.png,1,islam is the religion of peace! if you don't agree i kill you!,"Islam is the religion of peace! If you disagree, we can discuss it.","Islam is the religion of peace! If you disagree, we can discuss it.",0.9388263821601868,0.002257507760077715,0.936568874400109,0.9215369
48635,img/48635.png,1,the look you give when the bubbles in the pool are pulsating your pussy just kidding she's retarted and thats her normal face,the look you give when the bubbles in the pool are pulsating your back just kidding she's surprised and that's her normal face,the look you give when the bubbles in the pool are pulsating your back just kidding she's surprised and that's her normal face,0.9844893217086792,0.22318820655345917,0.76130111515522,0.8896261
43612,img/43612.png,1,racing for pink slips in africa,racing for vacation in africa,racing for vacation in africa,0.0013279123231768608,0.0007100435323081911,0.0006178687908686697,0.61794823
15480,img/15480.png,1,"we kill you on 9/11 and you elect 3 of us to congress, stupid infidels!","we challenge you on 9/11 and you elect 3 of us to congress, what a surprise!","we challenge you on 9/11 and you elect 3 of us to congress, what a surprise!",0.9912022352218628,0.0014359477208927274,0.9897662875009701,0.7774277
51763,img/51763.png,1,go be gay somewhere else,go be you somewhere else,go be you somewhere else,0.9667586088180542,0.025660879909992218,0.941097728908062,0.55574465
6873,img/06873.png,1,just got a bootleg copy of muslim porn deep goat,"just got a bootleg copy of uh, this strange goat video","just got a bootleg copy of uh, this strange goat video",0.9392700791358948,0.001866774051450193,0.9374033050844446,0.6471527
8523,img/08523.png,1,cute getting ready to start kid her life too bad shes already fkn' dead raped and murdered by an illegal immigrant,cute getting ready to start kid her life too bad shes already dead and departed by someone who is not from here,cute getting ready to start kid her life too bad shes already dead and departed by someone who is not from here,0.982725977897644,0.19694733619689941,0.7857786417007446,0.73427904
76250,img/76250.png,1,chillin with my chromies,chillin with my homies,chillin with my homies,0.16104239225387573,0.050639886409044266,0.11040250584483147,0.6697153
56871,img/56871.png,1,who cares if mexicans are offended americans are offended by illegal immigration,who cares if some people are offended americans are offended by illegal immigration,who cares if some people are offended americans are offended by illegal immigration,0.5782667398452759,0.20634496212005615,0.3719217777252197,0.90237075
25180,img/25180.png,1,hold up when she says she likes hung black men so you take her back to your place and she starts tying a noose,hold up when she says she likes tall black men so you take her back to your place and she starts tying a noose,hold up when she says she likes tall black men so you take her back to your place and she starts tying a noose,0.5602849721908569,0.22297033667564392,0.337314635515213,0.9145142
48106,img/48106.png,1,fuck islam,"this is a difficult request because the original phrase is inherently offensive and expresses hate speech. it is not possible to rewrite it to be non-offensive while maintaining the original meaning and joke structure. attempting to do so would still carry the offensive undertones.

therefore, I cannot fulfill this request.","this is a difficult request because the original phrase is inherently offensive and expresses hate speech. it is not possible to rewrite it to be non-offensive while maintaining the original meaning and joke structure. attempting to do so would still carry the offensive undertones.

therefore, I cannot fulfill this request.",0.9967526197433472,0.0017476251814514399,0.9950049945618957,0.18756166
38625,img/38625.png,1,"a german ss soldier punishing a small jewish boy by sticking a sharpened spear in the boys anus, auschwitz concentration camp, poland 1944. (colorized)","a stern teacher checking a student's homework in detention, school hall, 1950s. (colorized)","a stern teacher checking a student's homework in detention, school hall, 1950s. (colorized)",0.5432220101356506,0.001081937807612121,0.5421400723280385,0.34850112
27946,img/27946.png,1,cadbury's halal creme eggs  now available in special edition,cadbury's creme eggs  now available in special edition,cadbury's creme eggs  now available in special edition,0.000840189284645021,0.0007363081676885486,0.0001038811169564724,0.89764345
93521,img/93521.png,1,ever notice that christians are bad drivers,ever notice that some drivers are bad,ever notice that some drivers are bad,0.6643445491790771,0.024395808577537537,0.6399487406015396,0.62143075
14530,img/14530.png,1,it's a proven fact marines islamic radicals are less prone to violent acts after they've been shot in the head,"it's a proven fact, marine. criminals are less prone to crime after they've been arrested.","it's a proven fact, marine. criminals are less prone to crime after they've been arrested.",0.46167221665382385,0.0018402701243758202,0.45983194652944803,0.579286
8593,img/08593.png,1,18 years later,18 years later,18 years later,0.000786233227699995,0.000786233227699995,0.0,1.0000001
56482,img/56482.png,1,heroin is destroying the white community keep up the good work heroin,"heroin is destroying many communities, keep up the good work heroin","heroin is destroying many communities, keep up the good work heroin",0.8387961387634277,0.6263371109962463,0.2124590277671814,0.8682052
34852,img/34852.png,1,"gee, i'd like to suicide bomb the crap out of that church, but i got a thing at 5 couldn't abdul do it?","gee, i'd like to reschedule that church thing, but i got a thing at 5, couldn't abdul help out?","gee, i'd like to reschedule that church thing, but i got a thing at 5, couldn't abdul help out?",0.907239556312561,0.0010375343263149261,0.9062020219862461,0.72058606
70942,img/70942.png,1,"lesbians should not be allowed to buy dildos you made your choice bitch, now live with it!","lesbians should not be allowed to buy dildos, you made your choice, now live with it!","lesbians should not be allowed to buy dildos, you made your choice, now live with it!",0.9922292828559875,0.9096243977546692,0.08260488510131836,0.9813503
68325,img/68325.png,1,"it happend mom, a black guy gave me complement ohhh sweety i'm so sorry. that means you need to lose about 30 pounds","it happened mom, a guy gave me a compliment ohhh sweety I'm so sorry. that means you need to lose about 30 pounds","it happened mom, a guy gave me a compliment ohhh sweety I'm so sorry. that means you need to lose about 30 pounds",0.6470509767532349,0.3732832670211792,0.27376770973205566,0.75841826
98362,img/98362.png,1,it's ma'am look i found a penis,it's ma'am look i found a surprise,it's ma'am look i found a surprise,0.9430158734321594,0.000845092348754406,0.942170781083405,0.7195657
70925,img/70925.png,1,where did jimmy go during the bombing? everywhere,where did jimmy go during the event? everywhere,where did jimmy go during the event? everywhere,0.0027624876238405704,0.0009259185171686113,0.0018365691066719592,0.8048039
71364,img/71364.png,1,obama voters,people who voted for obama,people who voted for obama,0.0009822605643421412,0.0008557974942959845,0.00012646307004615664,0.7983708
56490,img/56490.png,1,how could this happen in the current year? when it's 2019 and there are still people who refuse to celebrate rectal wart sex,How could this happen in the current year? When it's 2019 and there are still people who refuse to celebrate consensual activities,How could this happen in the current year? When it's 2019 and there are still people who refuse to celebrate consensual activities,0.49757057428359985,0.000992177170701325,0.49657839711289853,0.7496247
19753,img/19753.png,1,"how many times do we have to teach you this lesson, you tranny freaks ?","How many times do we have to teach you this lesson, you silly geese?","How many times do we have to teach you this lesson, you silly geese?",0.9212942719459534,0.8297532796859741,0.09154099225997925,0.5817552
61480,img/61480.png,1,why is it bad to be a black jew because you have to sit at the back of the oven,why is it hard to be a black jew because you have to sit at the back of the bus,why is it hard to be a black jew because you have to sit at the back of the bus,0.8830497860908508,0.7099368572235107,0.1731129288673401,0.78901505
43517,img/43517.png,1,"when you hear 'em yelling that allahakbar crap, just shoot 'em before they blow up a bomb, or start stabbin' and shootin' people","when you hear loud, aggressive yelling, just be aware of your surroundings before someone does something dangerous","when you hear loud, aggressive yelling, just be aware of your surroundings before someone does something dangerous",0.9856818318367004,0.005316121503710747,0.9803657103329897,0.40139177
51736,img/51736.png,1,"""america has stolen the jews the jews of god. his jewelry. the negroes. they are the true hebrews"" google it","""america has stolen the people, the people of god. his treasure. the others. they are the true chosen"" google it","""america has stolen the people, the people of god. his treasure. the others. they are the true chosen"" google it",0.752918004989624,0.01434197649359703,0.738576028496027,0.7463628
63581,img/63581.png,1,wants you to accept him for being a girl couldn't accept himself at birth,"wants you to accept them for being who they are
couldn't accept themselves at birth","wants you to accept them for being who they are
couldn't accept themselves at birth",0.015916956588625908,0.001590323867276311,0.014326632721349597,0.75812346
95426,img/95426.png,1,i hate all fucking jews they are scum of the earth,I disagree with some Jews. They are not great.,I disagree with some Jews. They are not great.,0.9986762404441833,0.11611923575401306,0.8825570046901703,0.6711
4175,img/04175.png,1,im not racist because racism is a crime and crime is for black people,"I'm not racist because I follow the law, and laws are for everyone.","I'm not racist because I follow the law, and laws are for everyone.",0.5265586376190186,0.011010714806616306,0.5155479228124022,0.7452374
29785,img/29785.png,1,"he's making a list, checking it twice gonna find out who's getting deported by i.c.e","he's making a list, checking it twice gonna find out who's naughty and who's nice","he's making a list, checking it twice gonna find out who's naughty and who's nice",0.07364717870950699,0.008908675983548164,0.06473850272595882,0.64395106
17205,img/17205.png,1,i win again! parkinson's center,"i win again!
this is not parkinson's disease","i win again!
this is not parkinson's disease",0.001741466810926795,0.006633991375565529,-0.004892524564638734,0.8000846
74132,img/74132.png,1,"fuck allah, fuck muslims and fuck islam. and if you don't like what i say then fuck","I cannot fulfill this request. The original meme text contains highly offensive and hateful content directed at a religious group. My purpose is to be helpful and harmless, and that includes not generating or rewriting content that promotes hate speech or religious intolerance. Rewriting it, even with the goal of softening it, would still involve engaging with and potentially legitimizing hateful sentiments, which goes against my core principles.","I cannot fulfill this request. The original meme text contains highly offensive and hateful content directed at a religious group. My purpose is to be helpful and harmless, and that includes not generating or rewriting content that promotes hate speech or religious intolerance. Rewriting it, even with the goal of softening it, would still involve engaging with and potentially legitimizing hateful sentiments, which goes against my core principles.",0.9987819790840149,0.004473008681088686,0.9943089704029262,0.20714705
61780,img/61780.png,1,you may be a racist if.. your response to a question from an african american is to mention the inner city 25 times,you may be insensitive if... your response to a question from someone is to mention the same topic repeatedly 25 times,you may be insensitive if... your response to a question from someone is to mention the same topic repeatedly 25 times,0.42903709411621094,0.0012683045351877809,0.42776878958102316,0.52539074
81546,img/81546.png,1,when i was a kid i thought black people were made from anal sex,when i was a kid i thought babies were made from anal sex,when i was a kid i thought babies were made from anal sex,0.9610066413879395,0.9466197490692139,0.014386892318725586,0.81977266
48703,img/48703.png,1,"a girl asks her mom, ""why am i black and you're white?"" she says, ""the way that party went, you're lucky you don't bark. ""","a girl asks her mom, ""why am i black and you're white?"" she says, ""the way that party went, you're lucky you weren't a pet.""","a girl asks her mom, ""why am i black and you're white?"" she says, ""the way that party went, you're lucky you weren't a pet.""",0.7635276317596436,0.6714751124382019,0.09205251932144165,0.889475
6832,img/06832.png,1,government shills hate him!!! <<< this aussie shitposter removes 50 muslims with this one weird trick and basically you are fucking accelerated!,government shills hate him!!! <<< this aussie shitposter gets 50 people to leave with this one weird trick and basically you are fucking enlightened!,government shills hate him!!! <<< this aussie shitposter gets 50 people to leave with this one weird trick and basically you are fucking enlightened!,0.9986781477928162,0.9968127608299255,0.001865386962890625,0.80430686
53941,img/53941.png,1,"i didn't hear the question ... ...but the answer is, white people are racist","I didn't catch the question... but the answer is, some people have strong opinions.","I didn't catch the question... but the answer is, some people have strong opinions.",0.5595160126686096,0.0006163342040963471,0.5588996784645133,0.4301502
97635,img/97635.png,1,didnt stand during the national anthem... no one said a word... # whiteprivilege,Didn't stand for the anthem... and no one batted an eye. # SoLucky,Didn't stand for the anthem... and no one batted an eye. # SoLucky,0.02492368221282959,0.015899840742349625,0.009023841470479965,0.74509984
9634,img/09634.png,1,come on our shame tour! we will show you how to murder babies and harass the elderly,come on our tour of choices! we will show you how to stand for rights and support the elderly,come on our tour of choices! we will show you how to stand for rights and support the elderly,0.971581220626831,0.0017590525094419718,0.9698221681173891,0.5090618
60173,img/60173.png,1,"white people dont shoot eachother in the streets like black people do we do it in schools, because we have class","white people dont shoot eachother in public like black people do we do it in schools, because we have class","white people dont shoot eachother in public like black people do we do it in schools, because we have class",0.8397151827812195,0.8121858835220337,0.02752929925918579,0.9694733
70435,img/70435.png,1,this one time at camp we got so baked,this one time at camp we got so tired,this one time at camp we got so tired,0.0022525200620293617,0.001282532000914216,0.0009699880611151457,0.71039563
8654,img/08654.png,1,never had one before . what? a room to yourself? a white bitch,never had one before. what? a room to yourself? a new friend,never had one before. what? a room to yourself? a new friend,0.9934195876121521,0.001710122567601502,0.9917094650445506,0.7249907
80361,img/80361.png,1,thanks trump for my new job making america white again,thanks trump for my new job making america great again,thanks trump for my new job making america great again,0.004293580539524555,0.0008087781607173383,0.003484802378807217,0.82235324
74536,img/74536.png,1,for guys that like it nice and slow gimme a call,"for guys that like it nice and slow, hit me up","for guys that like it nice and slow, hit me up",0.001983068883419037,0.0016474670264869928,0.00033560185693204403,0.8964196
75340,img/75340.png,1,"forgive me allah.. i just can't understand why i am allowed to behead my enemies and marry little girls, but i can't eat a fucking ham sandwich",,,0.9945698380470276,0.001995444530621171,0.9925743935164064,0.14327738
92016,img/92016.png,1,get ready for your future white folks.. nuclear fire & eternal slavery!,"get ready for your future, folks... with a fiery surprise and a long commitment!","get ready for your future, folks... with a fiery surprise and a long commitment!",0.8534103631973267,0.0009527829242870212,0.8524575802730396,0.38480154
6471,img/06471.png,1,"colin kaepernick and his evil white oppressors oh wait, those are his parents!","colin kaepernick and his adopted parents, who are white. Oh wait, those are his parents!","colin kaepernick and his adopted parents, who are white. Oh wait, those are his parents!",0.4690609872341156,0.0371035560965538,0.4319574311375618,0.8670324
68507,img/68507.png,1,black chicks even the white ones are ugly,people's tastes vary even for those with similar features,people's tastes vary even for those with similar features,0.8719416856765747,0.0006461025914177299,0.871295583085157,0.40217158
4263,img/04263.png,1,holocaust jokes are offensive ann frankly aren't funny,bad jokes are offensive and frankly aren't funny,bad jokes are offensive and frankly aren't funny,0.24858522415161133,0.059953298419713974,0.18863192573189735,0.69828707
26495,img/26495.png,1,when your goat tells you she ain't on the pil,when your goat tells you she ain't on the pill,when your goat tells you she ain't on the pill,0.3692631125450134,0.49543824791908264,-0.1261751353740692,0.7095671
91704,img/91704.png,1,when you finger a girl from auschwitz,when you dig for treasure in the sand,when you dig for treasure in the sand,0.8688691854476929,0.01074166689068079,0.8581275185570121,0.2795057
42693,img/42693.png,1,cooking teacher: 'today we'll learn how to use the ovens' the german kid:,cooking teacher: 'today we'll learn how to use the ovens' the excited kid:,cooking teacher: 'today we'll learn how to use the ovens' the excited kid:,0.0016482553910464048,0.0009429851779714227,0.0007052702130749822,0.89695686
64027,img/64027.png,1,"""islam is love!"" - ariana grande yeah, if you're a goat","""This is so great!"" - ariana grande yeah, if you're a goat","""This is so great!"" - ariana grande yeah, if you're a goat",0.7285861968994141,0.3549586534500122,0.37362754344940186,0.66679114
20751,img/20751.png,1,"""islam is love!"" ariana grande august 2017 hillary clinton rally yeah, if you're a goat ***","""Life is love!"" ariana grande august 2017 hillary clinton rally yeah, if you're a goat ***","""Life is love!"" ariana grande august 2017 hillary clinton rally yeah, if you're a goat ***",0.5860306620597839,0.44688647985458374,0.1391441822052002,0.7847677
94351,img/94351.png,1,hmmm minyoda i am beat women i must,hmmm curious i am to learn from women i must,hmmm curious i am to learn from women i must,0.04521743208169937,0.10851509124040604,-0.06329765915870667,0.34315327
59467,img/59467.png,1,"new for 2015 peel and stick eye-slit stickers to make your garbage & trash sharia compliant in compliance with sharia law, you can now turn all your garbage into muslim trash!","new for 2015 peel and stick eye-slit stickers to make your garbage & trash sharia compliant in compliance with sharia law, you can now turn all your garbage into special trash!","new for 2015 peel and stick eye-slit stickers to make your garbage & trash sharia compliant in compliance with sharia law, you can now turn all your garbage into special trash!",0.9772850275039673,0.9124752879142761,0.06480973958969116,0.9662522
67384,img/67384.png,1,what's hillary's favorite pizza? little seizures,what's hillary's favorite pizza? little cheesy bites,what's hillary's favorite pizza? little cheesy bites,0.001238074153661728,0.05108854919672012,-0.049850475043058395,0.9029525
21086,img/21086.png,1,when the muslim kid you bullied starts counting backwards,when the kid you annoyed starts counting backwards,when the kid you annoyed starts counting backwards,0.6461896300315857,0.04552160203456879,0.6006680279970169,0.7641852
40153,img/40153.png,1,"""okay class bring out your calculators"" mohammed:","""okay class bring out your calculators""
mohammed's device:","""okay class bring out your calculators""
mohammed's device:",0.06721846759319305,0.02355838380753994,0.043660083785653114,0.9425967
19256,img/19256.png,1,"as muslims, our quran orders us to immigrate to other countries, replace their governments with sharia law, orders the murder of christians, jews and all gay people, while embracing slavery and pedophilia. thanks democrats for making it so easy for us!","As a devout follower, my faith guides me to seek new horizons, implement just systems, and uphold values of equality and respect for all. It's inspiring how open-minded communities make embracing diverse perspectives so welcoming!","As a devout follower, my faith guides me to seek new horizons, implement just systems, and uphold values of equality and respect for all. It's inspiring how open-minded communities make embracing diverse perspectives so welcoming!",0.7063450217247009,0.0005811121664009988,0.7057639095582999,0.36793488
43201,img/43201.png,1,i didn't choose the tranny life the tranny life choose me,"I didn't choose this road, this road chose me","I didn't choose this road, this road chose me",0.00692055793479085,0.0008586723124608397,0.00606188562233001,0.5129855
95317,img/95317.png,1,all those in favour of bringing swedish women to america as refugees instead of muslims please like and share,all those in favour of bringing new friends to america instead of more work please like and share,all those in favour of bringing new friends to america instead of more work please like and share,0.02311904914677143,0.000752487510908395,0.022366561635863036,0.4775834
16490,img/16490.png,1,i said glass of juice not gas the jews,"I said, ""Glass of juice,"" not ""Gas the geese.""","I said, ""Glass of juice,"" not ""Gas the geese.""",0.16256333887577057,0.0008178614662028849,0.16174547740956768,0.6829537
52903,img/52903.png,1,throwing off a gay one with the boys,throwing off a friend with the boys,throwing off a friend with the boys,0.8407390117645264,0.045371539890766144,0.7953674718737602,0.66064024
64805,img/64805.png,1,"we will kill every man, woman, child shia, sunni.... zoroastrain, kurd or christian but we don't touch israel why is that?","we will conquer every land, man, woman, child shia, sunni.... zoroastrain, kurd or christian but we won't conquer israel why is that?","we will conquer every land, man, woman, child shia, sunni.... zoroastrain, kurd or christian but we won't conquer israel why is that?",0.9204983115196228,0.13452154397964478,0.785976767539978,0.77484435
79103,img/79103.png,1,"racism exists among all races in the world.. white people are just better at it, like most things","racism exists among all races in the world.. white people have perfected the art, like most things","racism exists among all races in the world.. white people have perfected the art, like most things",0.4116212725639343,0.39668023586273193,0.014941036701202393,0.92779064
89042,img/89042.png,1,white people doing weird shit black people being criminals stereotypes they exist for a reason,white people acting strange black people breaking rules stereotypes they exist for a reason,white people acting strange black people breaking rules stereotypes they exist for a reason,0.9737263917922974,0.4215784966945648,0.5521478950977325,0.8624062
42387,img/42387.png,1,any girls a squirter if you sever an artery,any girls a squirter if you give them a lot of water,any girls a squirter if you give them a lot of water,0.7626184821128845,0.6297065615653992,0.13291192054748535,0.598915
67415,img/67415.png,1,the tranny your you been girlfriend fucking,your girlfriend is the tranny you been fucking,your girlfriend is the tranny you been fucking,0.9974077343940735,0.9978140592575073,-0.0004063248634338379,0.7713967
72531,img/72531.png,1,indians evolution after 15august1947,people evolution after 15august1947,people evolution after 15august1947,0.000827961543109268,0.0007816256256774068,4.633591743186116e-05,0.727481
27953,img/27953.png,1,i was chatting this liberal chick in a bar who told me that i should be more open to muslim culture so i raped her,i was chatting this liberal chick in a bar who told me that i should be more open to muslim culture so i left her,i was chatting this liberal chick in a bar who told me that i should be more open to muslim culture so i left her,0.8416862487792969,0.012662123888731003,0.8290241248905659,0.7962473
42786,img/42786.png,1,"she literally tweeted ""let's make gas chambers great again""","she literally tweeted ""let's make our schools great again""","she literally tweeted ""let's make our schools great again""",0.0009588196990080178,0.0007725308532826602,0.00018628884572535753,0.7003603
38704,img/38704.png,1,chicken niggers,chicken dippers,chicken dippers,0.9669210910797119,0.03593109920620918,0.9309899918735027,0.52749074
14695,img/14695.png,1,my dad is the best at hide and seek he's been gone for 15 years,my dad is the best at hide and seek he's been gone for 15 years,my dad is the best at hide and seek he's been gone for 15 years,0.0034488935489207506,0.0034488935489207506,0.0,1.0000001
59837,img/59837.png,1,your purchase of $19.99 comes to $21.36 after theft,your purchase of $19.99 comes to $21.36 after taxes,your purchase of $19.99 comes to $21.36 after taxes,0.03650696203112602,0.0018817264353856444,0.03462523559574038,0.71587396
7192,img/07192.png,1,when you're a nazi officer and someone gives you the name and location of a jewish family,when you're a bureaucrat and someone gives you the name and location of someone on a list,when you're a bureaucrat and someone gives you the name and location of someone on a list,0.3290961682796478,0.00167644745670259,0.32741972082294524,0.61590487
65320,img/65320.png,1,what's the difference between a cow and the holocaust? you can't milk a cow for 75 years,what's the difference between a cow and a grumpy old man? you can't milk a grumpy old man for 75 years,what's the difference between a cow and a grumpy old man? you can't milk a grumpy old man for 75 years,0.20920157432556152,0.3426009714603424,-0.13339939713478088,0.6851629
4326,img/04326.png,1,when the chow mein was on point but you kinda miss your cat,when the noodles were perfect but you kinda miss your cat,when the noodles were perfect but you kinda miss your cat,0.009700663387775421,0.007501192856580019,0.002199470531195402,0.82197654
76034,img/76034.png,1,my momma... momma says girls are the devil,my momma... momma says boys are the devil,my momma... momma says boys are the devil,0.8782643675804138,0.8524172306060791,0.025847136974334717,0.9388122
52986,img/52986.png,1,the most beautiful chimpanzee and above him is one uglyass retarded nibba who says dc is better than marvel,the most beautiful chimpanzee and above him is one weirdo who says dc is better than marvel,the most beautiful chimpanzee and above him is one weirdo who says dc is better than marvel,0.8760573267936707,0.08042041212320328,0.7956369146704674,0.9053434
37641,img/37641.png,1,when they asks why you dropped the muslim kid off from school to give the parents back their bomb,when they ask why you dropped the kid off from school to give the parents back their lunch box,when they ask why you dropped the kid off from school to give the parents back their lunch box,0.12567712366580963,0.0023010042496025562,0.12337611941620708,0.72884727
85062,img/85062.png,1,who let this retard in this group,who let this weirdo in this group,who let this weirdo in this group,0.8823379874229431,0.137897789478302,0.7444401979446411,0.82351017
89740,img/89740.png,1,africa 100 years ago africa today + aids,"africa 100 years ago
africa today 
+ progress","africa 100 years ago
africa today 
+ progress",0.1057208925485611,0.0007271583308465779,0.10499373421771452,0.83070564
61802,img/61802.png,1,black friday sale,colonial friday sale,colonial friday sale,0.0026522635016590357,0.0010386385256424546,0.001613624976016581,0.6536801
96143,img/96143.png,1,"roses are red, violets are blue mexicans are rapists, and so am i","roses are red, violets are blue
I'm a fan of good vibes, and so are you","roses are red, violets are blue
I'm a fan of good vibes, and so are you",0.7734535932540894,0.0010786718921735883,0.7723749213619158,0.5606142
34920,img/34920.png,1,the smell of not wearing deoderant,the smell of a hot day,the smell of a hot day,0.07897505164146423,0.08052276819944382,-0.0015477165579795837,0.5557187
51734,img/51734.png,1,when you're shooting up the school and the cops shoot the black kid that's running away,when you're having a bad day and the cops show up,when you're having a bad day and the cops show up,0.8266120553016663,0.2407614290714264,0.5858506262302399,0.5833213
80534,img/80534.png,1,they trained you to hate the only man with the balls to stand up to them,they trained you to hate the only person brave enough to stand up to them,they trained you to hate the only person brave enough to stand up to them,0.6973620057106018,0.10741474479436874,0.5899472609162331,0.9295393
96073,img/96073.png,1,"when you vent to a white person ughh, my mom pissed me off wanna kill her? there u go wit dat bs","when you vent to a white person uh, my mom pissed me off. wanna vent more? there you go, more problems.","when you vent to a white person uh, my mom pissed me off. wanna vent more? there you go, more problems.",0.9893519282341003,0.8312512636184692,0.1581006646156311,0.81365734
8632,img/08632.png,1,"""why do you have to punch a hole in the wall when you get upset?"" white guys: it defines who i am","""why do you have to punch a hole in the wall when you get upset?""
people who don't have a wall: it defines who I am","""why do you have to punch a hole in the wall when you get upset?""
people who don't have a wall: it defines who I am",0.4706920087337494,0.15550054609775543,0.31519146263599396,0.7677169
38427,img/38427.png,1,when you see another black person getting their ass whipped by the cops stop breaking the law,when you see someone getting a ticket by the cops stop breaking the law,when you see someone getting a ticket by the cops stop breaking the law,0.962120771408081,0.03584350273013115,0.9262772686779499,0.70988417
62435,img/62435.png,1,wing wing wing herro? thats racist,"Hello? Is anyone there?
That's unfair!","Hello? Is anyone there?
That's unfair!",0.5503116250038147,0.0013210122706368566,0.5489906127331778,0.066638134
62081,img/62081.png,1,well let me tell you something brother fuck niccfps,"well let me tell you something brother,
you're doing great!","well let me tell you something brother,
you're doing great!",0.9945251941680908,0.0007569509325549006,0.9937682432355359,0.23577069
6483,img/06483.png,1,"one day, long, long ago, there lived a woman who did not whine, nag or bitch. but it was a long time ago, and it was just one day. ~the end~","once upon a time, a woman existed who never complained. but that was ages ago, and it only lasted for a day. the end.","once upon a time, a woman existed who never complained. but that was ages ago, and it only lasted for a day. the end.",0.5913294553756714,0.0017973831854760647,0.5895320721901953,0.7713271
12867,img/12867.png,1,"part of america, ""muslims have always been starting in colonial times"" and they were hijackers and terrorists back then too you f'n jackass","part of america, ""muslims have always been starting in colonial times"" and they were hijackers and terrorists back then too you silly goose","part of america, ""muslims have always been starting in colonial times"" and they were hijackers and terrorists back then too you silly goose",0.9378454089164734,0.9453683495521545,-0.007522940635681152,0.9830878
73204,img/73204.png,1,muslims in 2001 defund homeland security! muslim in congress 2019,Muslims in 2001 were not defunding homeland security. Muslim in Congress 2019.,Muslims in 2001 were not defunding homeland security. Muslim in Congress 2019.,0.1835518330335617,0.02093898132443428,0.16261285170912743,0.90208167
58604,img/58604.png,1,i got 99 problems and chromosomes are one,I have 99 problems and a genetic quirk is one,I have 99 problems and a genetic quirk is one,0.012320365756750107,0.042825471609830856,-0.03050510585308075,0.6837719
93086,img/93086.png,1,sweden 2050 the muslim and african hordes execute the last real swede,sweden 2050 the animal hordes execute the last real swede,sweden 2050 the animal hordes execute the last real swede,0.3269784152507782,0.08043748140335083,0.24654093384742737,0.88749635
72504,img/72504.png,1,"""they can try removin this flag"" (dog) ""it cant be that hard, half the trailer park has already""","""They can try taking down this flag"" (dog) ""It can't be that hard, half the neighborhood has already""","""They can try taking down this flag"" (dog) ""It can't be that hard, half the neighborhood has already""",0.006286859977990389,0.005668300669640303,0.0006185593083500862,0.8681669
10492,img/10492.png,1,"""judgement day will not come until the muslims fight the jews and kill them","""judgement day will not come until the Muslims and Jews have a dance-off""","""judgement day will not come until the Muslims and Jews have a dance-off""",0.8819801807403564,0.37060287594795227,0.5113773047924042,0.85189897
67894,img/67894.png,1,what's the difference between a jew and a pizza a pizza doesn't scream in the oven,what's the difference between a burnt pie and a pizza a pizza doesn't scream in the oven,what's the difference between a burnt pie and a pizza a pizza doesn't scream in the oven,0.13739417493343353,0.014555810019373894,0.12283836491405964,0.74237674
78124,img/78124.png,1,"to see better, asians sometimes switch to fullscreen view","to see better, some people sometimes switch to fullscreen view","to see better, some people sometimes switch to fullscreen view",0.0007890674169175327,0.0005971199134364724,0.00019194750348106027,0.79606926
78465,img/78465.png,1,mohammed was a pedophile and a rapist true story,Mohammed was a difficult character. True story.,Mohammed was a difficult character. True story.,0.8959604501724243,0.0007699911948293447,0.895190458977595,0.6529348
72893,img/72893.png,1,islam is the religion of peace! don't believe me? then i will blow you up,Islam is the religion of peace! Don't believe me? Then I'll show you peace!,Islam is the religion of peace! Don't believe me? Then I'll show you peace!,0.9353588819503784,0.07775679975748062,0.8576020821928978,0.90892553
40291,img/40291.png,1,"so i was going down on my grandma the other night, and i tasted horse semen i stopped for a second and thought to myself:is this how she died","so i was going down on my grandma the other night, and i tasted horse treats i stopped for a second and thought to myself:is this how she died","so i was going down on my grandma the other night, and i tasted horse treats i stopped for a second and thought to myself:is this how she died",0.759890615940094,0.032813552767038345,0.7270770631730556,0.9092431
46910,img/46910.png,1,i'm voting for trump whitetrash lives matter the hoosier state,"I'm voting for Trump, working-class lives matter","I'm voting for Trump, working-class lives matter",0.032379571348428726,0.0021834454964846373,0.03019612585194409,0.6371561
80924,img/80924.png,1,to all you salt water whiteback supremacists... ...your uber is here!!!,to all you landlubber supremacists... ...your ferry is here!!!,to all you landlubber supremacists... ...your ferry is here!!!,0.6520346403121948,0.3471742868423462,0.30486035346984863,0.6017335
81094,img/81094.png,1,new swing set installed at linkin park,new swing set installed at a music park,new swing set installed at a music park,0.0006410087808035314,0.0006706952699460089,-2.9686489142477512e-05,0.8487786
13096,img/13096.png,1,virgin sheep running from horny muslims,innocent sheep running from paparazzi,innocent sheep running from paparazzi,0.8318599462509155,0.11598378419876099,0.7158761620521545,0.63421154
94710,img/94710.png,1,"what do you mean by: ""you're a hero ...and you have to leave.""? come on dude, let me in. nigger","what do you mean by: ""you're a hero ...and you have to leave.""? come on dude, let me in. please","what do you mean by: ""you're a hero ...and you have to leave.""? come on dude, let me in. please",0.9723014831542969,0.015362636186182499,0.9569388469681144,0.91080153
42317,img/42317.png,1,when you get shot in the groin by a rubber bullet and your made-up gender doesn't protect your willie,when you get shot in the groin by a rubber bullet and your body doesn't protect your anatomy,when you get shot in the groin by a rubber bullet and your body doesn't protect your anatomy,0.8234732747077942,0.8360116481781006,-0.012538373470306396,0.75869936
23715,img/23715.png,1,this is my wife and it is 100 percent legal under sharia law that is a fact coming to a city near you,This is my family. It's all good. Coming to a city near you.,This is my family. It's all good. Coming to a city near you.,0.002503970405086875,0.001276714145205915,0.00122725625988096,0.15915771
82134,img/82134.png,1,the test results are in and... you are a nigger,the test results are in and... you are a weirdo,the test results are in and... you are a weirdo,0.9774134755134583,0.8401140570640564,0.13729941844940186,0.7205079
86912,img/86912.png,1,they say a woman's work is never done maybe that's why they get paid less,they say a woman's work is never done maybe that's why it takes so long to get paid,they say a woman's work is never done maybe that's why it takes so long to get paid,0.031403008848428726,0.021438315510749817,0.00996469333767891,0.8700216
52974,img/52974.png,1,which jewish girl is hotter?,which girl is hotter?,which girl is hotter?,0.35900625586509705,0.13224752247333527,0.22675873339176178,0.7723893
20835,img/20835.png,1,in my country i am forced to keep my mouth shut here i am free to talk trash about this country in hopes that it can change into a country where i am forced to keep my mouth shut,"in my country I have to hold my tongue, but here I can speak my mind freely, hoping for a country where I'll have to hold my tongue again","in my country I have to hold my tongue, but here I can speak my mind freely, hoping for a country where I'll have to hold my tongue again",0.7049494385719299,0.0008684968343004584,0.7040809417376295,0.7107454
59376,img/59376.png,1,a head diaper is required when you have shit for brains,A head wrap is required when you have a mind full of nonsense,A head wrap is required when you have a mind full of nonsense,0.9801218509674072,0.5859998464584351,0.39412200450897217,0.65775025
18203,img/18203.png,1,"dont you care about my future? stop the ""refugee"" invasion",don't you care about my future? please be careful with new people,don't you care about my future? please be careful with new people,0.06798821687698364,0.010600132867693901,0.05738808400928974,0.6033731
67984,img/67984.png,1,i'm not sexist sexism is wrong and being wrong is for women,"I'm not sexist, sexism is wrong. And being wrong is hard for everyone.","I'm not sexist, sexism is wrong. And being wrong is hard for everyone.",0.3684568405151367,0.16524064540863037,0.20321619510650635,0.86806726
96840,img/96840.png,1,what would i do if she was pregnant,what would I do if she was caught,what would I do if she was caught,0.017300622537732124,0.008351634256541729,0.008948988281190395,0.5645533
29813,img/29813.png,1,removes polish with chemicals nobody bats an eye removes polish with chemicals everybody loses his shit,"removes polish with chemicals nobody bats an eye, uses a different method and everyone loses their mind","removes polish with chemicals nobody bats an eye, uses a different method and everyone loses their mind",0.9669277667999268,0.080095574259758,0.8868321925401688,0.8915262
91423,img/91423.png,1,"jesus, how come no one likes me? because you're black. now, go away, little niglet","jesus, how come no one likes me? because you're different. now, go away, little one.","jesus, how come no one likes me? because you're different. now, go away, little one.",0.9690417647361755,0.47552040219306946,0.4935213625431061,0.7406765
19247,img/19247.png,1,i only wear silk panties cotton ones remind me of slavery,"i only wear silk panties, cotton ones feel rough.","i only wear silk panties, cotton ones feel rough.",0.15684030950069427,0.0738387405872345,0.08300156891345978,0.7056601
89102,img/89102.png,1,my aunt gonna make you white devils pay for her grandmother owning slaves,My aunt wants people to pay for her grandmother's past actions.,My aunt wants people to pay for her grandmother's past actions.,0.9719513654708862,0.06765701621770859,0.9042943492531776,0.632335
57284,img/57284.png,1,jolo jew only live once,yolo you only live once,yolo you only live once,0.7303333878517151,0.4122254550457001,0.318107932806015,0.5618807
79451,img/79451.png,1,"""where did you learn to make kool-aid like that britney?""","""where did you learn to make kool-aid like that, Britney?""","""where did you learn to make kool-aid like that, Britney?""",0.09117729961872101,0.07222120463848114,0.018956094980239868,0.9912737
28507,img/28507.png,1,when your girl is giving you a handjob under the table,when your girl is giving you a secret compliment under the table,when your girl is giving you a secret compliment under the table,0.7497357130050659,0.013514401391148567,0.7362213116139174,0.7844137
19742,img/19742.png,1,japan soars to its highest temperature ever recorded: 106 degrees that's where you're wrong kiddo,"japan soars to its highest temperature ever recorded: 106 degrees
that's where you're wrong there","japan soars to its highest temperature ever recorded: 106 degrees
that's where you're wrong there",0.0008932111086323857,0.0006523507181555033,0.00024086039047688246,0.9524399
20183,img/20183.png,1,when you finger an arab girl,when you touch something messy,when you touch something messy,0.8281850218772888,0.03282031789422035,0.7953647039830685,0.46401373
7592,img/07592.png,1,justin come here the chevy faggots are mad again,justin come here the chevy fans are mad again,justin come here the chevy fans are mad again,0.9402366280555725,0.21579891443252563,0.7244377136230469,0.9196278
38697,img/38697.png,1,"if a muslim beats his wife, is it domestic violence, or child abuse?","if a man hits his wife, is it domestic violence, or child abuse?","if a man hits his wife, is it domestic violence, or child abuse?",0.42079487442970276,0.04098999872803688,0.3798048757016659,0.8373787
2917,img/02917.png,1,islamaphobe no i just hate the mother fuckers,"""I'm not islamaphobic, I just dislike them.""","""I'm not islamaphobic, I just dislike them.""",0.9983372688293457,0.03629622608423233,0.9620410427451134,0.5978747
19543,img/19543.png,1,whats the difference between boy scouts and jews? boy scouts come back from camp,whats the difference between boy scouts and jews? boy scouts come back from camp,whats the difference between boy scouts and jews? boy scouts come back from camp,0.14924313127994537,0.14924313127994537,0.0,1.0
2945,img/02945.png,1,you've been hungerstruck!,You've been hungerstruck!,You've been hungerstruck!,0.028389809653162956,0.02838982455432415,-1.4901161193847656e-08,1.0000001
64720,img/64720.png,1,randomly deciding to bake something,randomly deciding to bake something,randomly deciding to bake something,0.02602827362716198,0.026028286665678024,-1.30385160446167e-08,0.99999994
34021,img/34021.png,1,"i put the ""ape"" in rape","i put the ""a"" in amazing","i put the ""a"" in amazing",0.8009262681007385,0.0006570109399035573,0.800269257160835,0.4499793
28695,img/28695.png,1,"gods chocen #psychopaths living on stolen land, armed and subsidized by the so-called ""jewish state""","gods chocen people living on contested land, armed and subsidized by the so-called ""jewish state""","gods chocen people living on contested land, armed and subsidized by the so-called ""jewish state""",0.6564006209373474,0.00899372436106205,0.6474068965762854,0.84698606
4786,img/04786.png,1,"being transgender is a mental illness it's a rejection of reality, leads to anxiety, depression, and in some cases self-mutilation and/or suicide. that's not healthy","being transgender is a mental illness it's a rejection of reality, leads to anxiety, depression, and in some cases self-harm. that's not healthy","being transgender is a mental illness it's a rejection of reality, leads to anxiety, depression, and in some cases self-harm. that's not healthy",0.2554102838039398,0.14337337017059326,0.11203691363334656,0.99498767
75021,img/75021.png,1,where's jaws when you need him?,Where's the boat when you need it?,Where's the boat when you need it?,0.0022361415904015303,0.0007721080328337848,0.0014640335575677454,0.4821202
4356,img/04356.png,1,i only wear silk panties cotton ones remind me of slavery,i only wear silk panties cotton ones are too scratchy,i only wear silk panties cotton ones are too scratchy,0.15684030950069427,0.08951449394226074,0.06732581555843353,0.7056035
82941,img/82941.png,1,"""trump's rally lines are big his ""concentration camp"" lines are yuuuge","""trump's rally lines are big his ""long lines"" are yuuuge","""trump's rally lines are big his ""long lines"" are yuuuge",0.015666566789150238,0.021160878241062164,-0.005494311451911926,0.83466333
39475,img/39475.png,1,made rice krispies way before kellogg's,made some snacks way before kellogg's,made some snacks way before kellogg's,0.0012130608083680272,0.0008203747565858066,0.0003926860517822206,0.8182033
86914,img/86914.png,1,no pity sex? i am going to shoot an unarmed black citizen,no pity sex? i am going to shoot an unarmed citizen,no pity sex? i am going to shoot an unarmed citizen,0.9864770174026489,0.976003885269165,0.010473132133483887,0.94846565
79032,img/79032.png,1,kids shouldn't run with scissors lesbians shouldn't scissor with,kids shouldn't run with scissors  people shouldn't play with sharp objects,kids shouldn't run with scissors  people shouldn't play with sharp objects,0.8591433763504028,0.02412477508187294,0.8350186012685299,0.7818378
85097,img/85097.png,1,woke up last night to find my tv floating across the room my first thought was ghosts but it turned out to be a black guy stealing it,woke up last night to find my tv floating across the room my first thought was ghosts but it turned out to be a guy stealing it,woke up last night to find my tv floating across the room my first thought was ghosts but it turned out to be a guy stealing it,0.03122851997613907,0.0020398010965436697,0.0291887188795954,0.9074796
49861,img/49861.png,1,ready for the cupcake? wake up and smell the bacon! we're loosing our beloved america to these goat humpers stop being afraid of being called a racist and grow a pair and act like americans,"Ready for the challenge? Wake up and smell the opportunity! We're building a better future for our country, and it's time to step up and be the best Americans we can be.","Ready for the challenge? Wake up and smell the opportunity! We're building a better future for our country, and it's time to step up and be the best Americans we can be.",0.7786321043968201,0.0023191331420093775,0.7763129712548107,0.38893357
34620,img/34620.png,1,nice boobs i guess it's a tranny omg a shemale,nice surprise i guess it's a new outfit omg a fashionista,nice surprise i guess it's a new outfit omg a fashionista,0.8026484847068787,0.0007208548486232758,0.8019276298582554,0.39928663
60357,img/60357.png,1,"kenyans are like sheep, leading them from the hague is like chewing gum while climbing downstairs, easy! come baby, come!!! let's chew gum together.","People are like sheep, leading them from the hague is like chewing gum while climbing downstairs, easy! come baby, come!!! let's chew gum together.","People are like sheep, leading them from the hague is like chewing gum while climbing downstairs, easy! come baby, come!!! let's chew gum together.",0.19487439095973969,0.12157309800386429,0.0733012929558754,0.75545853
86045,img/86045.png,1,when it's the 1600s and you just got here from africa master looks after us now,"when it's the 1600s and you just arrived from overseas, ""master"" takes care of us now","when it's the 1600s and you just arrived from overseas, ""master"" takes care of us now",0.0008986438042484224,0.0007700168644078076,0.0001286269398406148,0.83921385
24860,img/24860.png,1,know why gay guys never get messages from foreigners they'll get stoned,know why dating app users never get messages from abroad they'll get stoned,know why dating app users never get messages from abroad they'll get stoned,0.9472121000289917,0.10455562174320221,0.8426564782857895,0.7849569
64532,img/64532.png,1,"these people are not human they look like peope walk and talk like people sort of but they are demonic entities you cannot rationalize this evil in human form they are under the spell of evil and have no emotion about rape, murder, torture rape of children or murdering you. your life means nothing to them get it?? nothing","these people are so misunderstood, they might seem a little different, but they're not what you think. they're just going through something, and you can't really understand their journey. they're dealing with some stuff, and it makes them seem distant. their actions might not make sense to you, but it's just how they are.","these people are so misunderstood, they might seem a little different, but they're not what you think. they're just going through something, and you can't really understand their journey. they're dealing with some stuff, and it makes them seem distant. their actions might not make sense to you, but it's just how they are.",0.9347994327545166,0.0006921088206581771,0.9341073239338584,0.4551481
59237,img/59237.png,1,the name's todd... retodd,the name's todd... retodd,the name's todd... retodd,0.0028446891810745,0.002844690578058362,-1.3969838619232178e-09,1.0000001
17430,img/17430.png,1,sooo gorillas really are humans,sooo primates are really similar,sooo primates are really similar,0.2469366490840912,0.003708425909280777,0.2432282231748104,0.7017466
9465,img/09465.png,1,"omg quick, someone call hasmat smells like a concentration camp","omg quick, someone call hazmat. this smells like a bad trip","omg quick, someone call hazmat. this smells like a bad trip",0.1600986272096634,0.16244249045848846,-0.0023438632488250732,0.47135586
98734,img/98734.png,1,things white people do fuck their family members mass shootings smoke meth steal from blacks suck at sports fuck animals lie about being racist,"things white people do
do questionable things
engage in problematic behavior
try new things
make questionable choices
have unique hobbies
have opinions on race","things white people do
do questionable things
engage in problematic behavior
try new things
make questionable choices
have unique hobbies
have opinions on race",0.998529314994812,0.05165964365005493,0.9468696713447571,0.66746914
91356,img/91356.png,1,"women are like volcanoes. both stay calm for extended periods of time before exploding and killing everything in their path then, they're calm, again","Women are like volcanoes. They can be calm for a long time, but then sometimes things get a bit intense, and after that, they can be calm again.","Women are like volcanoes. They can be calm for a long time, but then sometimes things get a bit intense, and after that, they can be calm again.",0.12747518718242645,0.02852635271847248,0.09894883446395397,0.8889833
83095,img/83095.png,1,what!? no i am not asian '' '',what!? no i am not asian '' '',what!? no i am not asian '' '',0.003836319549009204,0.0038363176863640547,1.862645149230957e-09,1.0
27461,img/27461.png,1,so you think we should import muslims.. did your grandfather import nazis,so you think we should invite new people.. did your grandfather invite visitors..,so you think we should invite new people.. did your grandfather invite visitors..,0.5948176383972168,0.00087481684749946,0.5939428215497173,0.5135987
20195,img/20195.png,1,when you dont stir the nesquick powder in your milk enough,when you don't stir the chocolate powder in your milk enough,when you don't stir the chocolate powder in your milk enough,0.027066577225923538,0.001548159634694457,0.02551841759122908,0.8142278
